timestamp,website,status,response_time
2024-09-13 17:02:35,https://nptel.ac.in,up,.256239994
2024-09-13 17:02:37,https://archive.nptel.ac.in,up,1.409227585
2024-09-13 17:02:38,https://dashboard.dev.nptel.ac.in/InternalCandidateDashboard/,up,.833198600
2024-09-13 17:02:39,https://eex.dev.iitm.ac.in,up,1.285093918
2024-09-13 17:02:40,https://jup.dev.iitm.ac.in,up,1.036465339
2024-09-13 17:19:13,https://nptel.ac.in,up,.126572783
2024-09-13 17:19:15,https://archive.nptel.ac.in,up,1.221777626
2024-09-13 17:19:15,https://dashboard.dev.nptel.ac.in/InternalCandidateDashboard/,up,.739668490
2024-09-13 17:19:16,https://eex.dev.iitm.ac.in,up,1.154019175
2024-09-13 17:19:17,https://jup.dev.iitm.ac.in,up,1.009554794
2024-09-13 17:32:28,https://nptel.ac.in,up,.383935457
2024-09-13 17:32:29,https://archive.nptel.ac.in,up,1.077413907
2024-09-13 17:32:30,https://dashboard.dev.nptel.ac.in/InternalCandidateDashboard/,up,.762541821
2024-09-13 17:32:31,https://eex.dev.iitm.ac.in,up,1.179773911
2024-09-13 17:32:32,https://jup.dev.iitm.ac.in,up,.955266455
2024-09-13 17:43:43,https://nptel.ac.in,up,.287177822
2024-09-13 17:43:45,https://archive.nptel.ac.in,up,1.443690038
2024-09-13 17:43:46,https://dashboard.dev.nptel.ac.in/InternalCandidateDashboard/,up,.950169161
2024-09-13 17:43:47,https://eex.dev.iitm.ac.in,up,1.370831252
2024-09-13 17:43:48,https://jup.dev.iitm.ac.in,up,1.078055877
2024-09-13 17:55:11,https://nptel.ac.in,up,.273188451
2024-09-13 17:55:13,https://archive.nptel.ac.in,up,1.491730294
2024-09-13 17:55:13,https://dashboard.dev.nptel.ac.in/InternalCandidateDashboard/,up,.879245963
2024-09-13 17:55:15,https://eex.dev.iitm.ac.in,up,1.349943610
2024-09-13 17:55:16,https://jup.dev.iitm.ac.in,up,1.065115323
2024-09-13 18:24:46,https://nptel.ac.in,up,.268267471
2024-09-13 18:24:47,https://archive.nptel.ac.in,up,1.333974609
2024-09-13 18:24:48,https://dashboard.dev.nptel.ac.in/InternalCandidateDashboard/,up,.874883286
2024-09-13 18:24:50,https://eex.dev.iitm.ac.in,up,1.283407477
2024-09-13 18:24:51,https://jup.dev.iitm.ac.in,up,1.014563409
2024-09-13 18:42:34,https://nptel.ac.in,up,.259108373
2024-09-13 18:42:35,https://archive.nptel.ac.in,up,1.475690560
2024-09-13 18:42:36,https://dashboard.dev.nptel.ac.in/InternalCandidateDashboard/,up,.935168711
2024-09-13 18:42:37,https://eex.dev.iitm.ac.in,up,1.418511959
2024-09-13 18:42:38,https://jup.dev.iitm.ac.in,up,1.111225006
2024-09-13 18:53:45,https://nptel.ac.in,up,.309966915
2024-09-13 18:53:46,https://archive.nptel.ac.in,up,1.153815612
2024-09-13 18:53:47,https://dashboard.dev.nptel.ac.in/InternalCandidateDashboard/,up,.720247749
2024-09-13 18:53:48,https://eex.dev.iitm.ac.in,up,1.207868324
2024-09-13 18:53:49,https://jup.dev.iitm.ac.in,up,.937253474
2024-09-13 19:12:36,https://nptel.ac.in,up,.205258009
2024-09-13 19:12:37,https://archive.nptel.ac.in,up,1.225338880
2024-09-13 19:12:38,https://dashboard.dev.nptel.ac.in/InternalCandidateDashboard/,up,.730577778
2024-09-13 19:12:39,https://eex.dev.iitm.ac.in,up,1.253716185
2024-09-13 19:12:40,https://jup.dev.iitm.ac.in,up,.971562987
2024-09-13 19:25:02,https://nptel.ac.in,up,.268124418
2024-09-13 19:25:03,https://archive.nptel.ac.in,up,1.208068315
2024-09-13 19:25:04,https://dashboard.dev.nptel.ac.in/InternalCandidateDashboard/,up,.773228208
2024-09-13 19:25:05,https://eex.dev.iitm.ac.in,up,1.397663620
2024-09-13 19:25:06,https://jup.dev.iitm.ac.in,up,.958175553
2024-09-13 19:37:36,https://nptel.ac.in,up,.276081403
2024-09-13 19:37:38,https://archive.nptel.ac.in,up,1.157808053
2024-09-13 19:37:38,https://dashboard.dev.nptel.ac.in/InternalCandidateDashboard/,up,.771203192
2024-09-13 19:37:40,https://eex.dev.iitm.ac.in,up,1.219949584
2024-09-13 19:37:40,https://jup.dev.iitm.ac.in,up,.882138759
2024-09-13 19:48:39,https://nptel.ac.in,up,.389157001
2024-09-13 19:48:40,https://archive.nptel.ac.in,up,1.215044378
2024-09-13 19:48:41,https://dashboard.dev.nptel.ac.in/InternalCandidateDashboard/,up,.749402608
2024-09-13 19:48:42,https://eex.dev.iitm.ac.in,up,1.271892551
2024-09-13 19:48:43,https://jup.dev.iitm.ac.in,up,1.040423073
2024-09-13 19:59:59,https://nptel.ac.in,up,.318377045
2024-09-13 20:00:00,https://archive.nptel.ac.in,up,1.205753509
2024-09-13 20:00:01,https://dashboard.dev.nptel.ac.in/InternalCandidateDashboard/,up,.915827410
2024-09-13 20:00:02,https://eex.dev.iitm.ac.in,up,1.365560442
2024-09-13 20:00:03,https://jup.dev.iitm.ac.in,up,.975833284
2024-09-13 20:24:18,https://nptel.ac.in,up,.267349738
2024-09-13 20:24:19,https://archive.nptel.ac.in,up,1.354933354
2024-09-13 20:24:20,https://dashboard.dev.nptel.ac.in/InternalCandidateDashboard/,up,.890521801
2024-09-13 20:24:21,https://eex.dev.iitm.ac.in,up,1.246215252
2024-09-13 20:24:22,https://jup.dev.iitm.ac.in,up,1.010674908
2024-09-13 20:37:45,https://nptel.ac.in,up,.305187291
2024-09-13 20:37:46,https://archive.nptel.ac.in,up,1.181088555
2024-09-13 20:37:47,https://dashboard.dev.nptel.ac.in/InternalCandidateDashboard/,up,.804945399
2024-09-13 20:37:48,https://eex.dev.iitm.ac.in,up,1.267745889
2024-09-13 20:37:49,https://jup.dev.iitm.ac.in,up,1.033986239
2024-09-13 20:49:08,https://nptel.ac.in,up,.320174984
2024-09-13 20:49:09,https://archive.nptel.ac.in,up,1.194361465
2024-09-13 20:49:10,https://dashboard.dev.nptel.ac.in/InternalCandidateDashboard/,up,.744975085
2024-09-13 20:49:11,https://eex.dev.iitm.ac.in,up,1.250079721
2024-09-13 20:49:12,https://jup.dev.iitm.ac.in,up,.960560679
2024-09-13 21:00:38,https://nptel.ac.in,up,.648781643
2024-09-13 21:00:39,https://archive.nptel.ac.in,up,1.283444825
2024-09-13 21:00:40,https://dashboard.dev.nptel.ac.in/InternalCandidateDashboard/,up,.756853379
2024-09-13 21:00:42,https://eex.dev.iitm.ac.in,up,1.371733319
2024-09-13 21:00:43,https://jup.dev.iitm.ac.in,up,1.024159655
2024-09-13 21:22:18,https://nptel.ac.in,up,.297209681
2024-09-13 21:22:19,https://archive.nptel.ac.in,up,1.417576164
2024-09-13 21:22:20,https://dashboard.dev.nptel.ac.in/InternalCandidateDashboard/,up,.887846595
2024-09-13 21:22:21,https://eex.dev.iitm.ac.in,up,1.397438002
2024-09-13 21:22:23,https://jup.dev.iitm.ac.in,up,1.137067650
2024-09-13 21:34:40,https://nptel.ac.in,up,.262569405
2024-09-13 21:34:41,https://archive.nptel.ac.in,up,1.308470517
2024-09-13 21:34:42,https://dashboard.dev.nptel.ac.in/InternalCandidateDashboard/,up,.825429197
2024-09-13 21:34:43,https://eex.dev.iitm.ac.in,up,1.305044745
2024-09-13 21:34:44,https://jup.dev.iitm.ac.in,up,1.021821044
2024-09-13 21:46:12,https://nptel.ac.in,up,.165123925
2024-09-13 21:46:13,https://archive.nptel.ac.in,up,1.392827501
2024-09-13 21:46:14,https://dashboard.dev.nptel.ac.in/InternalCandidateDashboard/,up,.910351901
2024-09-13 21:46:16,https://eex.dev.iitm.ac.in,up,1.518815669
2024-09-13 21:46:17,https://jup.dev.iitm.ac.in,up,1.099825201
2024-09-13 21:57:46,https://nptel.ac.in,up,.284926375
2024-09-13 21:57:47,https://archive.nptel.ac.in,up,1.272891263
2024-09-13 21:57:48,https://dashboard.dev.nptel.ac.in/InternalCandidateDashboard/,up,.764696318
2024-09-13 21:57:49,https://eex.dev.iitm.ac.in,up,1.244603296
2024-09-13 21:57:50,https://jup.dev.iitm.ac.in,up,1.027678034
2024-09-13 22:22:38,https://nptel.ac.in,up,.162276277
2024-09-13 22:22:40,https://archive.nptel.ac.in,up,1.410855578
2024-09-13 22:22:41,https://dashboard.dev.nptel.ac.in/InternalCandidateDashboard/,up,.850885625
2024-09-13 22:22:42,https://eex.dev.iitm.ac.in,up,1.324921375
2024-09-13 22:22:43,https://jup.dev.iitm.ac.in,up,1.024709703
2024-09-13 22:37:34,https://nptel.ac.in,up,.137442671
2024-09-13 22:37:35,https://archive.nptel.ac.in,up,1.118249042
2024-09-13 22:37:36,https://dashboard.dev.nptel.ac.in/InternalCandidateDashboard/,up,.702919243
2024-09-13 22:37:37,https://eex.dev.iitm.ac.in,up,1.231673038
2024-09-13 22:37:38,https://jup.dev.iitm.ac.in,up,.971401499
2024-09-13 22:49:07,https://nptel.ac.in,up,.127573882
2024-09-13 22:49:08,https://archive.nptel.ac.in,up,1.283408702
2024-09-13 22:49:09,https://dashboard.dev.nptel.ac.in/InternalCandidateDashboard/,up,.795409353
2024-09-13 22:49:10,https://eex.dev.iitm.ac.in,up,1.271158260
2024-09-13 22:49:11,https://jup.dev.iitm.ac.in,up,1.059437739
2024-09-13 23:00:45,https://nptel.ac.in,up,.189342409
2024-09-13 23:00:46,https://archive.nptel.ac.in,up,1.186794424
2024-09-13 23:00:47,https://dashboard.dev.nptel.ac.in/InternalCandidateDashboard/,up,.718802745
2024-09-13 23:00:48,https://eex.dev.iitm.ac.in,up,1.181426294
2024-09-13 23:00:49,https://jup.dev.iitm.ac.in,up,1.007215734
2024-09-13 23:24:24,https://nptel.ac.in,up,.129809571
2024-09-13 23:24:25,https://archive.nptel.ac.in,up,1.208533984
2024-09-13 23:24:26,https://dashboard.dev.nptel.ac.in/InternalCandidateDashboard/,up,.732023618
2024-09-13 23:24:27,https://eex.dev.iitm.ac.in,up,1.359305783
2024-09-13 23:24:28,https://jup.dev.iitm.ac.in,up,1.001799817
2024-09-13 23:37:59,https://nptel.ac.in,up,.255117144
2024-09-13 23:38:01,https://archive.nptel.ac.in,up,1.368822909
2024-09-13 23:38:01,https://dashboard.dev.nptel.ac.in/InternalCandidateDashboard/,up,.832150747
2024-09-13 23:38:03,https://eex.dev.iitm.ac.in,up,1.369233820
2024-09-13 23:38:04,https://jup.dev.iitm.ac.in,up,1.053119284
2024-09-13 23:49:15,https://nptel.ac.in,up,.306660062
2024-09-13 23:49:16,https://archive.nptel.ac.in,up,1.443184049
2024-09-13 23:49:17,https://dashboard.dev.nptel.ac.in/InternalCandidateDashboard/,up,.985910029
2024-09-13 23:49:18,https://eex.dev.iitm.ac.in,up,1.347183428
2024-09-13 23:49:20,https://jup.dev.iitm.ac.in,up,1.294934411
2024-09-14 00:32:13,https://nptel.ac.in,up,.294971990
2024-09-14 00:32:15,https://archive.nptel.ac.in,up,1.317241731
2024-09-14 00:32:16,https://dashboard.dev.nptel.ac.in/InternalCandidateDashboard/,up,.894990694
2024-09-14 00:32:17,https://eex.dev.iitm.ac.in,up,1.316897221
2024-09-14 00:32:18,https://jup.dev.iitm.ac.in,up,1.039361563
2024-09-14 01:56:06,https://nptel.ac.in,up,.259578063
2024-09-14 01:56:07,https://archive.nptel.ac.in,up,1.415223799
2024-09-14 01:56:08,https://dashboard.dev.nptel.ac.in/InternalCandidateDashboard/,up,.825661999
2024-09-14 01:56:09,https://eex.dev.iitm.ac.in,up,1.305406799
2024-09-14 01:56:10,https://jup.dev.iitm.ac.in,up,1.060164292
2024-09-14 02:40:10,https://nptel.ac.in,up,.265012174
2024-09-14 02:40:12,https://archive.nptel.ac.in,up,1.276340450
2024-09-14 02:40:13,https://dashboard.dev.nptel.ac.in/InternalCandidateDashboard/,up,1.343279951
2024-09-14 02:40:14,https://eex.dev.iitm.ac.in,up,1.384985908
2024-09-14 02:40:15,https://jup.dev.iitm.ac.in,up,1.024365229
2024-09-14 02:42:41,https://nptel.ac.in,up,.348828296
2024-09-14 02:42:43,https://archive.nptel.ac.in,up,1.127880610
2024-09-14 02:42:43,https://dashboard.dev.nptel.ac.in/InternalCandidateDashboard/,up,.720838086
2024-09-14 02:42:45,https://eex.dev.iitm.ac.in,up,1.193696520
2024-09-14 02:42:45,https://jup.dev.iitm.ac.in,up,.958801585
2024-09-14 02:44:20,https://nptel.ac.in,up,.319323433
2024-09-14 02:44:21,https://archive.nptel.ac.in,up,1.321170634
2024-09-14 02:44:22,https://dashboard.dev.nptel.ac.in/InternalCandidateDashboard/,up,.773508060
2024-09-14 02:44:23,https://eex.dev.iitm.ac.in,up,1.363362726
2024-09-14 02:44:24,https://jup.dev.iitm.ac.in,up,1.004787186
2024-09-14 02:46:46,https://nptel.ac.in,up,.115625109
2024-09-14 02:46:47,https://archive.nptel.ac.in,up,1.212361116
2024-09-14 02:46:48,https://dashboard.dev.nptel.ac.in/InternalCandidateDashboard/,up,.699617862
2024-09-14 02:46:49,https://eex.dev.iitm.ac.in,up,1.199180766
2024-09-14 02:46:50,https://jup.dev.iitm.ac.in,up,.906775923
2024-09-14 02:56:11,https://nptel.ac.in,up,.282268036
2024-09-14 02:56:12,https://archive.nptel.ac.in,up,1.516797622
2024-09-14 02:56:13,https://dashboard.dev.nptel.ac.in/InternalCandidateDashboard/,up,.929858249
2024-09-14 02:56:15,https://eex.dev.iitm.ac.in,up,1.490010129
2024-09-14 02:56:16,https://jup.dev.iitm.ac.in,up,1.089964945
2024-09-14 02:59:38,https://nptel.ac.in,up,.371084632
2024-09-14 02:59:39,https://archive.nptel.ac.in,up,1.208564982
2024-09-14 02:59:40,https://dashboard.dev.nptel.ac.in/InternalCandidateDashboard/,up,.768650512
2024-09-14 02:59:41,https://eex.dev.iitm.ac.in,up,1.231082456
2024-09-14 02:59:42,https://jup.dev.iitm.ac.in,up,.944388627
2024-09-14 03:00:29,https://nptel.ac.in,up,.254662487
2024-09-14 03:00:30,https://archive.nptel.ac.in,up,1.430712805
2024-09-14 03:00:31,https://dashboard.dev.nptel.ac.in/InternalCandidateDashboard/,up,.833158068
2024-09-14 03:00:32,https://eex.dev.iitm.ac.in,up,1.280096594
2024-09-14 03:00:34,https://jup.dev.iitm.ac.in,up,1.129408647
2024-09-14 03:01:25,https://nptel.ac.in,up,.277738635
2024-09-14 03:01:26,https://archive.nptel.ac.in,up,1.117379765
2024-09-14 03:01:27,https://dashboard.dev.nptel.ac.in/InternalCandidateDashboard/,up,.793249925
2024-09-14 03:01:28,https://eex.dev.iitm.ac.in,up,1.254327541
2024-09-14 03:01:29,https://jup.dev.iitm.ac.in,up,.901620488
2024-09-14 03:26:07,https://nptel.ac.in,up,.260532478
2024-09-14 03:26:08,https://archive.nptel.ac.in,up,1.359556182
2024-09-14 03:26:09,https://dashboard.dev.nptel.ac.in/InternalCandidateDashboard/,up,.907201797
2024-09-14 03:26:10,https://eex.dev.iitm.ac.in,up,1.286148212
2024-09-14 03:26:11,https://jup.dev.iitm.ac.in,up,1.021611212
2024-09-14 03:39:53,https://nptel.ac.in,up,.271969614
2024-09-14 03:40:04,https://archive.nptel.ac.in,up,11.799546863
2024-09-14 03:40:05,https://dashboard.dev.nptel.ac.in/InternalCandidateDashboard/,up,.763114922
2024-09-14 03:40:06,https://eex.dev.iitm.ac.in,up,1.209829533
2024-09-14 03:40:07,https://jup.dev.iitm.ac.in,up,.924176697
2024-09-14 03:51:12,https://nptel.ac.in,up,.136122877
2024-09-14 03:51:13,https://archive.nptel.ac.in,up,1.425892411
2024-09-14 03:51:14,https://dashboard.dev.nptel.ac.in/InternalCandidateDashboard/,up,.869107261
2024-09-14 03:51:15,https://eex.dev.iitm.ac.in,up,1.296380044
2024-09-14 03:51:16,https://jup.dev.iitm.ac.in,up,1.063450017
2024-09-14 04:12:40,https://nptel.ac.in,up,.128238112
2024-09-14 04:12:41,https://archive.nptel.ac.in,up,1.259112006
2024-09-14 04:12:42,https://dashboard.dev.nptel.ac.in/InternalCandidateDashboard/,up,.774851665
2024-09-14 04:12:44,https://eex.dev.iitm.ac.in,up,1.260617003
2024-09-14 04:12:45,https://jup.dev.iitm.ac.in,up,1.039692019
2024-09-14 04:32:58,https://nptel.ac.in,up,.268311845
2024-09-14 04:33:00,https://archive.nptel.ac.in,up,1.141240375
2024-09-14 04:33:00,https://dashboard.dev.nptel.ac.in/InternalCandidateDashboard/,up,.726532601
2024-09-14 04:33:01,https://eex.dev.iitm.ac.in,up,1.201402527
2024-09-14 04:33:02,https://jup.dev.iitm.ac.in,up,.956343650
2024-09-14 04:44:41,https://nptel.ac.in,up,.263015882
2024-09-14 04:44:42,https://archive.nptel.ac.in,up,1.109780095
2024-09-14 04:44:43,https://dashboard.dev.nptel.ac.in/InternalCandidateDashboard/,up,1.057372723
2024-09-14 04:44:44,https://eex.dev.iitm.ac.in,up,1.193142619
2024-09-14 04:44:45,https://jup.dev.iitm.ac.in,up,.878402965
2024-09-14 04:56:05,https://nptel.ac.in,up,.274495551
2024-09-14 04:56:07,https://archive.nptel.ac.in,up,1.138673463
2024-09-14 04:56:07,https://dashboard.dev.nptel.ac.in/InternalCandidateDashboard/,up,.772543773
2024-09-14 04:56:09,https://eex.dev.iitm.ac.in,up,1.196542804
2024-09-14 04:56:09,https://jup.dev.iitm.ac.in,up,.876173760
2024-09-14 05:19:26,https://nptel.ac.in,up,.348745674
2024-09-14 05:19:27,https://archive.nptel.ac.in,up,1.217542644
2024-09-14 05:19:28,https://dashboard.dev.nptel.ac.in/InternalCandidateDashboard/,up,.810291762
2024-09-14 05:19:29,https://eex.dev.iitm.ac.in,up,1.242897753
2024-09-14 05:19:30,https://jup.dev.iitm.ac.in,up,1.063373198
2024-09-14 05:35:08,https://nptel.ac.in,up,.261201024
2024-09-14 05:35:10,https://archive.nptel.ac.in,up,1.280087047
2024-09-14 05:35:10,https://dashboard.dev.nptel.ac.in/InternalCandidateDashboard/,up,.780459354
2024-09-14 05:35:12,https://eex.dev.iitm.ac.in,up,1.246629820
2024-09-14 05:35:13,https://jup.dev.iitm.ac.in,up,1.018167829
2024-09-14 05:46:43,https://nptel.ac.in,up,.155078620
2024-09-14 05:46:45,https://archive.nptel.ac.in,up,1.344416943
2024-09-14 05:46:46,https://dashboard.dev.nptel.ac.in/InternalCandidateDashboard/,up,.827814713
2024-09-14 05:46:47,https://eex.dev.iitm.ac.in,up,1.320205222
2024-09-14 05:46:48,https://jup.dev.iitm.ac.in,up,.999539362
2024-09-14 05:57:55,https://nptel.ac.in,up,.349175863
2024-09-14 05:57:57,https://archive.nptel.ac.in,up,1.299282728
2024-09-14 05:57:57,https://dashboard.dev.nptel.ac.in/InternalCandidateDashboard/,up,.763858169
2024-09-14 05:57:59,https://eex.dev.iitm.ac.in,up,1.243224840
2024-09-14 05:58:00,https://jup.dev.iitm.ac.in,up,1.003115398
2024-09-14 06:30:31,https://nptel.ac.in,up,.267510722
2024-09-14 06:30:32,https://archive.nptel.ac.in,up,1.280786405
2024-09-14 06:30:33,https://dashboard.dev.nptel.ac.in/InternalCandidateDashboard/,up,.744107436
2024-09-14 06:30:35,https://eex.dev.iitm.ac.in,up,1.574637956
2024-09-14 06:30:36,https://jup.dev.iitm.ac.in,up,1.117420965
2024-09-14 06:45:11,https://nptel.ac.in,up,.139391123
2024-09-14 06:47:26,https://archive.nptel.ac.in,down,135.278362656
2024-09-14 06:47:27,https://dashboard.dev.nptel.ac.in/InternalCandidateDashboard/,up,.739099491
2024-09-14 06:47:28,https://eex.dev.iitm.ac.in,up,1.215680098
2024-09-14 06:47:38,https://jup.dev.iitm.ac.in,up,9.269115228
2024-09-14 06:56:45,https://nptel.ac.in,up,.261200579
2024-09-14 06:56:47,https://archive.nptel.ac.in,up,1.158320451
2024-09-14 06:56:47,https://dashboard.dev.nptel.ac.in/InternalCandidateDashboard/,up,.721217542
2024-09-14 06:56:48,https://eex.dev.iitm.ac.in,up,1.123920298
2024-09-14 06:56:54,https://jup.dev.iitm.ac.in,up,5.804025752
2024-09-14 07:19:02,https://nptel.ac.in,up,.239445740
2024-09-14 07:19:03,https://archive.nptel.ac.in,up,1.132218592
2024-09-14 07:19:04,https://dashboard.dev.nptel.ac.in/InternalCandidateDashboard/,up,.811388455
2024-09-14 07:19:05,https://eex.dev.iitm.ac.in,up,1.189254763
2024-09-14 07:19:06,https://jup.dev.iitm.ac.in,up,.966726449
2024-09-14 07:30:24,https://nptel.ac.in,up,.110793763
2024-09-14 07:30:25,https://archive.nptel.ac.in,up,1.247499342
2024-09-14 07:30:26,https://dashboard.dev.nptel.ac.in/InternalCandidateDashboard/,up,.880176681
2024-09-14 07:30:27,https://eex.dev.iitm.ac.in,up,1.329934893
2024-09-14 07:30:28,https://jup.dev.iitm.ac.in,up,1.064214030
2024-09-14 07:41:50,https://nptel.ac.in,up,.147711477
2024-09-14 07:41:51,https://archive.nptel.ac.in,up,1.344644083
2024-09-14 07:41:52,https://dashboard.dev.nptel.ac.in/InternalCandidateDashboard/,up,.845409715
2024-09-14 07:41:54,https://eex.dev.iitm.ac.in,up,1.381526911
2024-09-14 07:41:55,https://jup.dev.iitm.ac.in,up,1.014852486
2024-09-14 07:53:10,https://nptel.ac.in,up,.180442064
2024-09-14 07:53:12,https://archive.nptel.ac.in,up,1.314193653
2024-09-14 07:53:12,https://dashboard.dev.nptel.ac.in/InternalCandidateDashboard/,up,.743132940
2024-09-14 07:53:14,https://eex.dev.iitm.ac.in,up,1.219424641
2024-09-14 07:53:15,https://jup.dev.iitm.ac.in,up,.951000008
2024-09-14 08:18:39,https://nptel.ac.in,up,.268272769
2024-09-14 08:18:40,https://archive.nptel.ac.in,up,1.190494397
2024-09-14 08:18:41,https://dashboard.dev.nptel.ac.in/InternalCandidateDashboard/,up,.773478907
2024-09-14 08:18:42,https://eex.dev.iitm.ac.in,up,1.308112033
2024-09-14 08:18:43,https://jup.dev.iitm.ac.in,up,.936608883
2024-09-14 08:37:18,https://nptel.ac.in,up,.321650024
2024-09-14 08:37:19,https://archive.nptel.ac.in,up,1.293384597
2024-09-14 08:37:20,https://dashboard.dev.nptel.ac.in/InternalCandidateDashboard/,up,.729951962
2024-09-14 08:37:21,https://eex.dev.iitm.ac.in,up,1.160007354
2024-09-14 08:37:22,https://jup.dev.iitm.ac.in,up,1.049394952
2024-09-14 08:48:41,https://nptel.ac.in,up,.200596536
2024-09-14 08:48:42,https://archive.nptel.ac.in,up,1.228624578
2024-09-14 08:48:43,https://dashboard.dev.nptel.ac.in/InternalCandidateDashboard/,up,.708567201
2024-09-14 08:48:44,https://eex.dev.iitm.ac.in,up,1.256686807
2024-09-14 08:48:45,https://jup.dev.iitm.ac.in,up,.890766274
2024-09-14 09:00:12,https://nptel.ac.in,up,.128237154
2024-09-14 09:00:13,https://archive.nptel.ac.in,up,1.252587472
2024-09-14 09:00:14,https://dashboard.dev.nptel.ac.in/InternalCandidateDashboard/,up,.730684050
2024-09-14 09:00:16,https://eex.dev.iitm.ac.in,up,1.279032281
2024-09-14 09:00:16,https://jup.dev.iitm.ac.in,up,.913260595
2024-09-14 09:23:09,https://nptel.ac.in,up,.251241453
2024-09-14 09:23:10,https://archive.nptel.ac.in,up,1.347034858
2024-09-14 09:23:11,https://dashboard.dev.nptel.ac.in/InternalCandidateDashboard/,up,.839600466
2024-09-14 09:23:12,https://eex.dev.iitm.ac.in,up,1.366195621
2024-09-14 09:23:13,https://jup.dev.iitm.ac.in,up,1.040252377
2024-09-14 09:34:52,https://nptel.ac.in,up,.287454300
2024-09-14 09:34:54,https://archive.nptel.ac.in,up,1.499781710
2024-09-14 09:34:55,https://dashboard.dev.nptel.ac.in/InternalCandidateDashboard/,up,.935561227
2024-09-14 09:34:56,https://eex.dev.iitm.ac.in,up,1.504541785
2024-09-14 09:34:57,https://jup.dev.iitm.ac.in,up,1.268766996
2024-09-14 09:46:18,https://nptel.ac.in,up,.277864614
2024-09-14 09:46:19,https://archive.nptel.ac.in,up,1.349470185
2024-09-14 09:46:20,https://dashboard.dev.nptel.ac.in/InternalCandidateDashboard/,up,.815019495
2024-09-14 09:46:21,https://eex.dev.iitm.ac.in,up,1.358931178
2024-09-14 09:46:22,https://jup.dev.iitm.ac.in,up,.970699354
2024-09-14 09:57:26,https://nptel.ac.in,up,.307818195
2024-09-14 09:57:28,https://archive.nptel.ac.in,up,1.279117785
2024-09-14 09:57:28,https://dashboard.dev.nptel.ac.in/InternalCandidateDashboard/,up,.739242786
2024-09-14 09:57:30,https://eex.dev.iitm.ac.in,up,1.252285980
2024-09-14 09:57:31,https://jup.dev.iitm.ac.in,up,.921254252
2024-09-14 10:22:06,https://nptel.ac.in,up,.247164931
2024-09-14 10:22:07,https://archive.nptel.ac.in,up,1.372741853
2024-09-14 10:22:08,https://dashboard.dev.nptel.ac.in/InternalCandidateDashboard/,up,.875832434
2024-09-14 10:22:09,https://eex.dev.iitm.ac.in,up,1.370519503
2024-09-14 10:22:10,https://jup.dev.iitm.ac.in,up,1.008469030
2024-09-14 10:36:54,https://nptel.ac.in,up,.261626337
2024-09-14 10:36:55,https://archive.nptel.ac.in,up,1.293175108
2024-09-14 10:36:56,https://dashboard.dev.nptel.ac.in/InternalCandidateDashboard/,up,.863767218
2024-09-14 10:36:57,https://eex.dev.iitm.ac.in,up,1.305528992
2024-09-14 10:36:58,https://jup.dev.iitm.ac.in,up,1.007761960
2024-09-14 10:48:32,https://nptel.ac.in,up,.353954546
2024-09-14 10:48:33,https://archive.nptel.ac.in,up,1.424545112
2024-09-14 10:48:34,https://dashboard.dev.nptel.ac.in/InternalCandidateDashboard/,up,.948681328
2024-09-14 10:48:36,https://eex.dev.iitm.ac.in,up,1.523027370
2024-09-14 10:48:37,https://jup.dev.iitm.ac.in,up,1.142633136
2024-09-14 10:59:57,https://nptel.ac.in,up,.324332989
2024-09-14 10:59:58,https://archive.nptel.ac.in,up,1.271345227
2024-09-14 10:59:59,https://dashboard.dev.nptel.ac.in/InternalCandidateDashboard/,up,.750290697
2024-09-14 11:00:00,https://eex.dev.iitm.ac.in,up,1.178772107
2024-09-14 11:00:01,https://jup.dev.iitm.ac.in,up,1.026272872
2024-09-14 11:17:52,https://nptel.ac.in,up,.133561656
2024-09-14 11:17:53,https://archive.nptel.ac.in,up,1.390047285
2024-09-14 11:17:54,https://dashboard.dev.nptel.ac.in/InternalCandidateDashboard/,up,.778446805
2024-09-14 11:17:55,https://eex.dev.iitm.ac.in,up,1.315878890
2024-09-14 11:17:56,https://jup.dev.iitm.ac.in,up,1.054267982
2024-09-14 11:28:55,https://nptel.ac.in,up,.504006863
2024-09-14 11:28:56,https://archive.nptel.ac.in,up,1.193413677
2024-09-14 11:28:57,https://dashboard.dev.nptel.ac.in/InternalCandidateDashboard/,up,.834504223
2024-09-14 11:28:58,https://eex.dev.iitm.ac.in,up,1.331948606
2024-09-14 11:28:59,https://jup.dev.iitm.ac.in,up,.989763311
2024-09-14 11:40:46,https://nptel.ac.in,up,.336707267
2024-09-14 11:40:47,https://archive.nptel.ac.in,up,1.289738696
2024-09-14 11:40:48,https://dashboard.dev.nptel.ac.in/InternalCandidateDashboard/,up,.747880213
2024-09-14 11:40:49,https://eex.dev.iitm.ac.in,up,1.322763177
2024-09-14 11:40:50,https://jup.dev.iitm.ac.in,up,1.052585064
2024-09-14 11:51:54,https://nptel.ac.in,up,.436394568
2024-09-14 11:51:56,https://archive.nptel.ac.in,up,1.169643050
2024-09-14 11:51:56,https://dashboard.dev.nptel.ac.in/InternalCandidateDashboard/,up,.766017346
2024-09-14 11:51:58,https://eex.dev.iitm.ac.in,up,1.229486592
2024-09-14 11:51:59,https://jup.dev.iitm.ac.in,up,.975606669
2024-09-14 12:20:26,https://nptel.ac.in,up,.253969743
2024-09-14 12:20:27,https://archive.nptel.ac.in,up,1.318927068
2024-09-14 12:20:28,https://dashboard.dev.nptel.ac.in/InternalCandidateDashboard/,up,.845572017
2024-09-14 12:20:29,https://eex.dev.iitm.ac.in,up,1.271117922
2024-09-14 12:20:30,https://jup.dev.iitm.ac.in,up,.980569924
2024-09-14 12:51:10,https://nptel.ac.in,up,.331548275
2024-09-14 12:51:12,https://archive.nptel.ac.in,up,1.168704707
2024-09-14 12:51:12,https://dashboard.dev.nptel.ac.in/InternalCandidateDashboard/,up,.714226601
2024-09-14 12:51:13,https://eex.dev.iitm.ac.in,up,1.162234670
2024-09-14 12:51:14,https://jup.dev.iitm.ac.in,up,.951372620
2024-09-14 13:13:39,https://nptel.ac.in,up,.143169637
2024-09-14 13:13:40,https://archive.nptel.ac.in,up,1.402925742
2024-09-14 13:13:41,https://dashboard.dev.nptel.ac.in/InternalCandidateDashboard/,up,.766066417
2024-09-14 13:13:42,https://eex.dev.iitm.ac.in,up,1.149053223
2024-09-14 13:13:43,https://jup.dev.iitm.ac.in,up,.890753142
2024-09-14 13:29:32,https://nptel.ac.in,up,.267262518
2024-09-14 13:29:33,https://archive.nptel.ac.in,up,1.458934530
2024-09-14 13:29:34,https://dashboard.dev.nptel.ac.in/InternalCandidateDashboard/,up,.904480392
2024-09-14 13:29:35,https://eex.dev.iitm.ac.in,up,1.366785094
2024-09-14 13:29:36,https://jup.dev.iitm.ac.in,up,.988273640
2024-09-14 13:40:58,https://nptel.ac.in,up,.299589015
2024-09-14 13:40:59,https://archive.nptel.ac.in,up,1.411608483
2024-09-14 13:41:00,https://dashboard.dev.nptel.ac.in/InternalCandidateDashboard/,up,.890759881
2024-09-14 13:41:01,https://eex.dev.iitm.ac.in,up,1.341932430
2024-09-14 13:41:02,https://jup.dev.iitm.ac.in,up,1.080179838
2024-09-14 13:52:07,https://nptel.ac.in,up,.359414605
2024-09-14 13:52:08,https://archive.nptel.ac.in,up,1.209048652
2024-09-14 13:52:09,https://dashboard.dev.nptel.ac.in/InternalCandidateDashboard/,up,.749320127
2024-09-14 13:52:10,https://eex.dev.iitm.ac.in,up,1.255941037
2024-09-14 13:52:11,https://jup.dev.iitm.ac.in,up,.913176883
2024-09-14 14:10:13,https://nptel.ac.in,up,.324522930
2024-09-14 14:10:15,https://archive.nptel.ac.in,up,1.212975575
2024-09-14 14:10:15,https://dashboard.dev.nptel.ac.in/InternalCandidateDashboard/,up,.748627044
2024-09-14 14:10:17,https://eex.dev.iitm.ac.in,up,1.281168956
2024-09-14 14:10:18,https://jup.dev.iitm.ac.in,up,1.040013295
2024-09-14 14:28:38,https://nptel.ac.in,up,.288448700
2024-09-14 14:28:40,https://archive.nptel.ac.in,up,1.280649963
2024-09-14 14:28:40,https://dashboard.dev.nptel.ac.in/InternalCandidateDashboard/,up,.755892814
2024-09-14 14:28:42,https://eex.dev.iitm.ac.in,up,1.369080960
2024-09-14 14:28:43,https://jup.dev.iitm.ac.in,up,.949416411
2024-09-14 14:39:49,https://nptel.ac.in,up,.256077883
2024-09-14 14:39:50,https://archive.nptel.ac.in,up,1.120904183
2024-09-14 14:39:51,https://dashboard.dev.nptel.ac.in/InternalCandidateDashboard/,up,.715994863
2024-09-14 14:39:52,https://eex.dev.iitm.ac.in,up,1.262568647
2024-09-14 14:39:53,https://jup.dev.iitm.ac.in,up,.998458479
2024-09-14 14:51:12,https://nptel.ac.in,up,.328957014
2024-09-14 14:51:14,https://archive.nptel.ac.in,up,1.182466155
2024-09-14 14:51:14,https://dashboard.dev.nptel.ac.in/InternalCandidateDashboard/,up,.773264753
2024-09-14 14:51:16,https://eex.dev.iitm.ac.in,up,1.245019477
2024-09-14 14:51:17,https://jup.dev.iitm.ac.in,up,.989659706
2024-09-14 15:09:40,https://nptel.ac.in,up,.307373226
2024-09-14 15:09:41,https://archive.nptel.ac.in,up,1.229062070
2024-09-14 15:09:42,https://dashboard.dev.nptel.ac.in/InternalCandidateDashboard/,up,.746723903
2024-09-14 15:09:43,https://eex.dev.iitm.ac.in,up,1.189787627
2024-09-14 15:09:44,https://jup.dev.iitm.ac.in,up,.900140116
2024-09-14 15:27:19,https://nptel.ac.in,up,.332331504
2024-09-14 15:27:20,https://archive.nptel.ac.in,up,1.234949539
2024-09-14 15:27:21,https://dashboard.dev.nptel.ac.in/InternalCandidateDashboard/,up,.771403037
2024-09-14 15:27:22,https://eex.dev.iitm.ac.in,up,1.181144501
2024-09-14 15:27:23,https://jup.dev.iitm.ac.in,up,.930733264
2024-09-14 15:38:56,https://nptel.ac.in,up,.245384182
2024-09-14 15:39:01,https://archive.nptel.ac.in,up,5.275930129
2024-09-14 15:39:02,https://dashboard.dev.nptel.ac.in/InternalCandidateDashboard/,up,.833975724
2024-09-14 15:39:03,https://eex.dev.iitm.ac.in,up,1.306771996
2024-09-14 15:39:05,https://jup.dev.iitm.ac.in,up,1.038873309
2024-09-14 15:50:30,https://nptel.ac.in,up,.100505964
2024-09-14 15:50:31,https://archive.nptel.ac.in,up,1.213252363
2024-09-14 15:50:32,https://dashboard.dev.nptel.ac.in/InternalCandidateDashboard/,up,.768047512
2024-09-14 15:50:33,https://eex.dev.iitm.ac.in,up,1.148099624
2024-09-14 15:50:34,https://jup.dev.iitm.ac.in,up,.905532196
2024-09-14 16:10:07,https://nptel.ac.in,up,.391046829
2024-09-14 16:10:08,https://archive.nptel.ac.in,up,1.134284642
2024-09-14 16:10:09,https://dashboard.dev.nptel.ac.in/InternalCandidateDashboard/,up,.766212311
2024-09-14 16:10:10,https://eex.dev.iitm.ac.in,up,1.171377795
2024-09-14 16:10:11,https://jup.dev.iitm.ac.in,up,1.008334995
2024-09-14 16:33:04,https://nptel.ac.in,up,.278106421
2024-09-14 16:33:05,https://archive.nptel.ac.in,up,1.125845772
2024-09-14 16:33:06,https://dashboard.dev.nptel.ac.in/InternalCandidateDashboard/,up,.732363991
2024-09-14 16:33:07,https://eex.dev.iitm.ac.in,up,1.201789022
2024-09-14 16:33:08,https://jup.dev.iitm.ac.in,down,.924727556
2024-09-14 16:45:21,https://nptel.ac.in,up,.337824596
2024-09-14 16:45:22,https://archive.nptel.ac.in,up,1.238005084
2024-09-14 16:45:23,https://dashboard.dev.nptel.ac.in/InternalCandidateDashboard/,up,.785335933
2024-09-14 16:45:24,https://eex.dev.iitm.ac.in,up,1.197011729
2024-09-14 16:45:25,https://jup.dev.iitm.ac.in,up,.974785917
2024-09-14 16:56:37,https://nptel.ac.in,up,.286384585
2024-09-14 16:56:39,https://archive.nptel.ac.in,up,1.391337468
2024-09-14 16:56:39,https://dashboard.dev.nptel.ac.in/InternalCandidateDashboard/,up,.745962060
2024-09-14 16:56:41,https://eex.dev.iitm.ac.in,up,1.245023224
2024-09-14 16:56:42,https://jup.dev.iitm.ac.in,up,1.020299095
2024-09-14 17:18:47,https://nptel.ac.in,up,.322041329
2024-09-14 17:18:48,https://archive.nptel.ac.in,up,1.295299320
2024-09-14 17:18:49,https://dashboard.dev.nptel.ac.in/InternalCandidateDashboard/,up,.827267199
2024-09-14 17:18:50,https://eex.dev.iitm.ac.in,up,1.307414992
2024-09-14 17:18:51,https://jup.dev.iitm.ac.in,up,.943860330
2024-09-14 17:32:34,https://nptel.ac.in,up,.270420806
2024-09-14 17:32:36,https://archive.nptel.ac.in,up,1.233481309
2024-09-14 17:32:36,https://dashboard.dev.nptel.ac.in/InternalCandidateDashboard/,up,.712685867
2024-09-14 17:32:37,https://eex.dev.iitm.ac.in,up,1.153635358
2024-09-14 17:32:38,https://jup.dev.iitm.ac.in,up,.922295186
2024-09-14 17:44:05,https://nptel.ac.in,up,.326511209
2024-09-14 17:44:06,https://archive.nptel.ac.in,up,1.210252466
2024-09-14 17:44:07,https://dashboard.dev.nptel.ac.in/InternalCandidateDashboard/,up,.828339551
2024-09-14 17:44:08,https://eex.dev.iitm.ac.in,up,1.328860490
2024-09-14 17:44:09,https://jup.dev.iitm.ac.in,up,1.078162313
2024-09-14 17:55:21,https://nptel.ac.in,up,.315877165
2024-09-14 17:55:22,https://archive.nptel.ac.in,up,1.230739070
2024-09-14 17:55:23,https://dashboard.dev.nptel.ac.in/InternalCandidateDashboard/,up,.747745322
2024-09-14 17:55:24,https://eex.dev.iitm.ac.in,up,1.267063123
2024-09-14 17:55:25,https://jup.dev.iitm.ac.in,up,.915211203
2024-09-14 18:23:46,https://nptel.ac.in,up,.256015182
2024-09-14 18:23:47,https://archive.nptel.ac.in,up,1.141001396
2024-09-14 18:23:48,https://dashboard.dev.nptel.ac.in/InternalCandidateDashboard/,up,.790230527
2024-09-14 18:23:50,https://eex.dev.iitm.ac.in,up,1.280234440
2024-09-14 18:23:50,https://jup.dev.iitm.ac.in,up,.890829219
2024-09-14 18:40:03,https://nptel.ac.in,up,.304602139
2024-09-14 18:40:05,https://archive.nptel.ac.in,up,1.306297107
2024-09-14 18:40:06,https://dashboard.dev.nptel.ac.in/InternalCandidateDashboard/,up,.870673510
2024-09-14 18:40:07,https://eex.dev.iitm.ac.in,up,1.319074665
2024-09-14 18:40:08,https://jup.dev.iitm.ac.in,up,.974551645
2024-09-14 18:51:24,https://nptel.ac.in,up,.164311508
2024-09-14 18:51:25,https://archive.nptel.ac.in,up,1.409472036
2024-09-14 18:51:26,https://dashboard.dev.nptel.ac.in/InternalCandidateDashboard/,up,.853735196
2024-09-14 18:51:28,https://eex.dev.iitm.ac.in,up,1.359448925
2024-09-14 18:51:29,https://jup.dev.iitm.ac.in,up,1.047084781
2024-09-14 19:08:15,https://nptel.ac.in,up,.272440380
2024-09-14 19:08:17,https://archive.nptel.ac.in,up,1.361451943
2024-09-14 19:08:18,https://dashboard.dev.nptel.ac.in/InternalCandidateDashboard/,up,.955712203
2024-09-14 19:08:19,https://eex.dev.iitm.ac.in,up,1.496688151
2024-09-14 19:08:20,https://jup.dev.iitm.ac.in,up,1.127819628
2024-09-14 19:22:58,https://nptel.ac.in,up,.145774671
2024-09-14 19:23:00,https://archive.nptel.ac.in,up,1.421722622
2024-09-14 19:23:00,https://dashboard.dev.nptel.ac.in/InternalCandidateDashboard/,up,.975703925
2024-09-14 19:23:02,https://eex.dev.iitm.ac.in,up,1.349024948
2024-09-14 19:23:03,https://jup.dev.iitm.ac.in,up,1.105263705
2024-09-14 19:35:22,https://nptel.ac.in,up,.288420569
2024-09-14 19:35:24,https://archive.nptel.ac.in,up,1.479588400
2024-09-14 19:35:25,https://dashboard.dev.nptel.ac.in/InternalCandidateDashboard/,up,.893854764
2024-09-14 19:35:26,https://eex.dev.iitm.ac.in,up,1.489997233
2024-09-14 19:35:27,https://jup.dev.iitm.ac.in,up,1.025599857
2024-09-14 19:46:44,https://nptel.ac.in,up,.127867135
2024-09-14 19:46:46,https://archive.nptel.ac.in,up,1.265002876
2024-09-14 19:46:46,https://dashboard.dev.nptel.ac.in/InternalCandidateDashboard/,up,.766842672
2024-09-14 19:46:47,https://eex.dev.iitm.ac.in,up,1.124072937
2024-09-14 19:46:49,https://jup.dev.iitm.ac.in,up,1.162881658
2024-09-14 19:58:03,https://nptel.ac.in,up,.278467999
2024-09-14 19:58:04,https://archive.nptel.ac.in,up,1.407755924
2024-09-14 19:58:05,https://dashboard.dev.nptel.ac.in/InternalCandidateDashboard/,up,.841287062
2024-09-14 19:58:07,https://eex.dev.iitm.ac.in,up,1.373485519
2024-09-14 19:58:08,https://jup.dev.iitm.ac.in,up,1.149178183
2024-09-14 20:24:42,https://nptel.ac.in,up,.276060972
2024-09-14 20:24:44,https://archive.nptel.ac.in,up,1.309779844
2024-09-14 20:24:45,https://dashboard.dev.nptel.ac.in/InternalCandidateDashboard/,up,.901338536
2024-09-14 20:24:46,https://eex.dev.iitm.ac.in,up,1.341464177
2024-09-14 20:24:47,https://jup.dev.iitm.ac.in,up,1.056624235
2024-09-14 20:37:51,https://nptel.ac.in,up,.278687298
2024-09-14 20:37:52,https://archive.nptel.ac.in,up,1.221112897
2024-09-14 20:37:53,https://dashboard.dev.nptel.ac.in/InternalCandidateDashboard/,up,.769868283
2024-09-14 20:37:54,https://eex.dev.iitm.ac.in,up,1.187909397
2024-09-14 20:37:55,https://jup.dev.iitm.ac.in,up,.958943441
2024-09-14 20:49:19,https://nptel.ac.in,up,.272751274
2024-09-14 20:49:21,https://archive.nptel.ac.in,up,1.280865577
2024-09-14 20:49:21,https://dashboard.dev.nptel.ac.in/InternalCandidateDashboard/,up,.819042997
2024-09-14 20:49:23,https://eex.dev.iitm.ac.in,up,1.203356700
2024-09-14 20:49:24,https://jup.dev.iitm.ac.in,up,1.102219681
2024-09-14 21:02:15,https://nptel.ac.in,up,.281628168
2024-09-14 21:02:16,https://archive.nptel.ac.in,up,1.244299361
2024-09-14 21:02:17,https://dashboard.dev.nptel.ac.in/InternalCandidateDashboard/,up,.699043413
2024-09-14 21:02:18,https://eex.dev.iitm.ac.in,up,1.132182168
2024-09-14 21:02:19,https://jup.dev.iitm.ac.in,up,1.005701319
2024-09-14 21:22:53,https://nptel.ac.in,up,.321100782
2024-09-14 21:22:54,https://archive.nptel.ac.in,up,1.266023265
2024-09-14 21:22:55,https://dashboard.dev.nptel.ac.in/InternalCandidateDashboard/,up,.773743773
2024-09-14 21:22:56,https://eex.dev.iitm.ac.in,up,1.396761130
2024-09-14 21:22:57,https://jup.dev.iitm.ac.in,up,1.012562893
2024-09-14 21:35:19,https://nptel.ac.in,up,.276654175
2024-09-14 21:35:21,https://archive.nptel.ac.in,up,1.333011236
2024-09-14 21:35:21,https://dashboard.dev.nptel.ac.in/InternalCandidateDashboard/,up,.719936594
2024-09-14 21:35:23,https://eex.dev.iitm.ac.in,up,1.251209737
2024-09-14 21:35:24,https://jup.dev.iitm.ac.in,up,1.032368894
2024-09-14 21:46:44,https://nptel.ac.in,up,.298169342
2024-09-14 21:46:45,https://archive.nptel.ac.in,up,1.301790421
2024-09-14 21:46:46,https://dashboard.dev.nptel.ac.in/InternalCandidateDashboard/,up,.731910433
2024-09-14 21:46:47,https://eex.dev.iitm.ac.in,up,1.386153248
2024-09-14 21:46:48,https://jup.dev.iitm.ac.in,up,1.059405910
2024-09-14 21:58:05,https://nptel.ac.in,up,.117577120
2024-09-14 21:58:06,https://archive.nptel.ac.in,up,1.164601099
2024-09-14 21:58:07,https://dashboard.dev.nptel.ac.in/InternalCandidateDashboard/,up,.709086336
2024-09-14 21:58:08,https://eex.dev.iitm.ac.in,up,1.140755005
2024-09-14 21:58:09,https://jup.dev.iitm.ac.in,up,.909898294
2024-09-14 22:22:14,https://nptel.ac.in,up,.294238211
2024-09-14 22:22:15,https://archive.nptel.ac.in,up,1.362426394
2024-09-14 22:22:16,https://dashboard.dev.nptel.ac.in/InternalCandidateDashboard/,up,.852809620
2024-09-14 22:22:18,https://eex.dev.iitm.ac.in,up,1.440888244
2024-09-14 22:22:19,https://jup.dev.iitm.ac.in,up,1.188672952
2024-09-14 22:37:08,https://nptel.ac.in,up,.311538192
2024-09-14 22:37:09,https://archive.nptel.ac.in,up,1.336280232
2024-09-14 22:37:10,https://dashboard.dev.nptel.ac.in/InternalCandidateDashboard/,up,.895419877
2024-09-14 22:37:11,https://eex.dev.iitm.ac.in,up,1.320494534
2024-09-14 22:37:12,https://jup.dev.iitm.ac.in,up,1.027200511
2024-09-14 22:48:21,https://nptel.ac.in,up,.317028083
2024-09-14 22:48:23,https://archive.nptel.ac.in,up,1.188987913
2024-09-14 22:48:23,https://dashboard.dev.nptel.ac.in/InternalCandidateDashboard/,up,.699614634
2024-09-14 22:48:25,https://eex.dev.iitm.ac.in,up,1.230690438
2024-09-14 22:48:25,https://jup.dev.iitm.ac.in,up,.898998948
2024-09-14 22:59:50,https://nptel.ac.in,up,.130565683
2024-09-14 22:59:52,https://archive.nptel.ac.in,up,1.332397386
2024-09-14 22:59:53,https://dashboard.dev.nptel.ac.in/InternalCandidateDashboard/,up,.899945408
2024-09-14 22:59:54,https://eex.dev.iitm.ac.in,up,1.278103363
2024-09-14 22:59:55,https://jup.dev.iitm.ac.in,up,1.100716894
2024-09-14 23:21:11,https://nptel.ac.in,up,.380251456
2024-09-14 23:21:13,https://archive.nptel.ac.in,up,1.150609588
2024-09-14 23:21:13,https://dashboard.dev.nptel.ac.in/InternalCandidateDashboard/,up,.684633005
2024-09-14 23:21:14,https://eex.dev.iitm.ac.in,up,1.267207855
2024-09-14 23:21:15,https://jup.dev.iitm.ac.in,up,.888843306
2024-09-14 23:33:33,https://nptel.ac.in,up,.254409930
2024-09-14 23:33:35,https://archive.nptel.ac.in,up,1.387216058
2024-09-14 23:33:35,https://dashboard.dev.nptel.ac.in/InternalCandidateDashboard/,up,.889465259
2024-09-14 23:33:37,https://eex.dev.iitm.ac.in,up,1.300135258
2024-09-14 23:33:38,https://jup.dev.iitm.ac.in,up,1.037034837
2024-09-14 23:44:43,https://nptel.ac.in,up,.273466781
2024-09-14 23:44:45,https://archive.nptel.ac.in,up,1.156405327
2024-09-14 23:44:45,https://dashboard.dev.nptel.ac.in/InternalCandidateDashboard/,up,.772048993
2024-09-14 23:44:47,https://eex.dev.iitm.ac.in,up,1.153957204
2024-09-14 23:44:48,https://jup.dev.iitm.ac.in,up,1.027028451
2024-09-14 23:55:59,https://nptel.ac.in,up,.292413533
2024-09-14 23:56:01,https://archive.nptel.ac.in,up,1.238725871
2024-09-14 23:56:01,https://dashboard.dev.nptel.ac.in/InternalCandidateDashboard/,up,.751055325
2024-09-14 23:56:03,https://eex.dev.iitm.ac.in,up,1.188189629
2024-09-14 23:56:04,https://jup.dev.iitm.ac.in,up,1.034212469
2024-09-15 01:44:17,https://nptel.ac.in,up,.386784044
2024-09-15 01:44:19,https://archive.nptel.ac.in,up,1.237677329
2024-09-15 01:44:19,https://dashboard.dev.nptel.ac.in/InternalCandidateDashboard/,up,.774978849
2024-09-15 01:44:21,https://eex.dev.iitm.ac.in,up,1.165757451
2024-09-15 01:44:21,https://jup.dev.iitm.ac.in,up,.941895707
2024-09-15 02:44:20,https://nptel.ac.in,up,.256154339
2024-09-15 02:44:21,https://archive.nptel.ac.in,up,1.170514358
2024-09-15 02:44:22,https://dashboard.dev.nptel.ac.in/InternalCandidateDashboard/,up,.809614856
2024-09-15 02:44:23,https://eex.dev.iitm.ac.in,up,1.404922635
2024-09-15 02:44:24,https://jup.dev.iitm.ac.in,up,.930020341
2024-09-15 03:12:54,https://nptel.ac.in,up,.288713136
2024-09-15 03:12:55,https://archive.nptel.ac.in,up,1.120285472
2024-09-15 03:12:55,https://dashboard.dev.nptel.ac.in/InternalCandidateDashboard/,up,.710890160
2024-09-15 03:12:56,https://eex.dev.iitm.ac.in,up,1.094017014
2024-09-15 03:12:57,https://jup.dev.iitm.ac.in,up,.991035413
2024-09-15 03:35:41,https://nptel.ac.in,up,.405410185
2024-09-15 03:35:42,https://archive.nptel.ac.in,up,1.395211175
2024-09-15 03:35:43,https://dashboard.dev.nptel.ac.in/InternalCandidateDashboard/,up,.735018037
2024-09-15 03:35:44,https://eex.dev.iitm.ac.in,up,1.362610409
2024-09-15 03:35:45,https://jup.dev.iitm.ac.in,up,.984648102
2024-09-15 03:47:04,https://nptel.ac.in,up,.248754908
2024-09-15 03:47:05,https://archive.nptel.ac.in,up,1.372095880
2024-09-15 03:47:06,https://dashboard.dev.nptel.ac.in/InternalCandidateDashboard/,up,.928930208
2024-09-15 03:47:08,https://eex.dev.iitm.ac.in,up,1.386103966
2024-09-15 03:47:09,https://jup.dev.iitm.ac.in,up,1.110148347
2024-09-15 03:58:13,https://nptel.ac.in,up,.295391565
2024-09-15 03:58:14,https://archive.nptel.ac.in,up,1.428338797
2024-09-15 03:58:15,https://dashboard.dev.nptel.ac.in/InternalCandidateDashboard/,up,.915770323
2024-09-15 03:58:17,https://eex.dev.iitm.ac.in,up,1.607334818
2024-09-15 03:58:18,https://jup.dev.iitm.ac.in,up,1.157450298
2024-09-15 04:26:27,https://nptel.ac.in,up,.254408458
2024-09-15 04:26:34,https://archive.nptel.ac.in,up,6.868877925
2024-09-15 04:26:34,https://dashboard.dev.nptel.ac.in/InternalCandidateDashboard/,up,.754611877
2024-09-15 04:26:36,https://eex.dev.iitm.ac.in,up,1.269283002
2024-09-15 04:26:37,https://jup.dev.iitm.ac.in,up,.900962654
2024-09-15 04:41:55,https://nptel.ac.in,up,.315462006
2024-09-15 04:41:57,https://archive.nptel.ac.in,up,1.220609094
2024-09-15 04:41:57,https://dashboard.dev.nptel.ac.in/InternalCandidateDashboard/,up,.804862418
2024-09-15 04:41:59,https://eex.dev.iitm.ac.in,up,1.136056427
2024-09-15 04:42:00,https://jup.dev.iitm.ac.in,up,.952051568
2024-09-15 04:53:28,https://nptel.ac.in,up,.288421840
2024-09-15 04:53:29,https://archive.nptel.ac.in,up,1.194942119
2024-09-15 04:53:30,https://dashboard.dev.nptel.ac.in/InternalCandidateDashboard/,up,.817494144
2024-09-15 04:53:32,https://eex.dev.iitm.ac.in,up,1.293080422
2024-09-15 04:53:33,https://jup.dev.iitm.ac.in,up,1.007893488
2024-09-15 05:14:17,https://nptel.ac.in,up,.300311949
2024-09-15 05:14:18,https://archive.nptel.ac.in,up,1.285516062
2024-09-15 05:14:19,https://dashboard.dev.nptel.ac.in/InternalCandidateDashboard/,up,.933731609
2024-09-15 05:14:20,https://eex.dev.iitm.ac.in,up,1.453176516
2024-09-15 05:14:21,https://jup.dev.iitm.ac.in,up,.948497431
2024-09-15 05:31:47,https://nptel.ac.in,up,.270369212
2024-09-15 05:31:49,https://archive.nptel.ac.in,up,1.353769348
2024-09-15 05:31:50,https://dashboard.dev.nptel.ac.in/InternalCandidateDashboard/,up,.959037869
2024-09-15 05:31:51,https://eex.dev.iitm.ac.in,up,1.259182869
2024-09-15 05:31:52,https://jup.dev.iitm.ac.in,up,.950456297
2024-09-15 05:43:09,https://nptel.ac.in,up,.274240580
2024-09-15 05:43:11,https://archive.nptel.ac.in,up,1.589864111
2024-09-15 05:43:12,https://dashboard.dev.nptel.ac.in/InternalCandidateDashboard/,up,.908381039
2024-09-15 05:43:13,https://eex.dev.iitm.ac.in,up,1.508449971
2024-09-15 05:43:14,https://jup.dev.iitm.ac.in,up,1.175014483
2024-09-15 05:54:39,https://nptel.ac.in,up,.191034094
2024-09-15 05:54:41,https://archive.nptel.ac.in,up,1.365813722
2024-09-15 05:54:41,https://dashboard.dev.nptel.ac.in/InternalCandidateDashboard/,up,.871670522
2024-09-15 05:54:43,https://eex.dev.iitm.ac.in,up,1.264563659
2024-09-15 05:54:44,https://jup.dev.iitm.ac.in,up,1.071111638
2024-09-15 06:23:20,https://nptel.ac.in,up,.248953259
2024-09-15 06:23:21,https://archive.nptel.ac.in,up,1.369030034
2024-09-15 06:23:22,https://dashboard.dev.nptel.ac.in/InternalCandidateDashboard/,up,.742090273
2024-09-15 06:23:23,https://eex.dev.iitm.ac.in,up,1.243270002
2024-09-15 06:23:25,https://jup.dev.iitm.ac.in,up,1.109622465
2024-09-15 06:41:38,https://nptel.ac.in,up,.286368980
2024-09-15 06:41:40,https://archive.nptel.ac.in,up,1.217092026
2024-09-15 06:41:40,https://dashboard.dev.nptel.ac.in/InternalCandidateDashboard/,up,.803652048
2024-09-15 06:41:42,https://eex.dev.iitm.ac.in,up,1.200637269
2024-09-15 06:41:43,https://jup.dev.iitm.ac.in,up,.945357751
2024-09-15 06:53:00,https://nptel.ac.in,up,.144432822
2024-09-15 06:53:01,https://archive.nptel.ac.in,up,1.302286615
2024-09-15 06:53:02,https://dashboard.dev.nptel.ac.in/InternalCandidateDashboard/,up,.794690101
2024-09-15 06:53:03,https://eex.dev.iitm.ac.in,up,1.237313897
2024-09-15 06:53:04,https://jup.dev.iitm.ac.in,up,.958693167
2024-09-15 07:12:18,https://nptel.ac.in,up,.335529564
2024-09-15 07:12:19,https://archive.nptel.ac.in,up,1.377872095
2024-09-15 07:12:20,https://dashboard.dev.nptel.ac.in/InternalCandidateDashboard/,up,.799900687
2024-09-15 07:12:21,https://eex.dev.iitm.ac.in,up,1.304242802
2024-09-15 07:12:22,https://jup.dev.iitm.ac.in,up,.994052972
2024-09-15 07:25:17,https://nptel.ac.in,up,.327934783
2024-09-15 07:25:19,https://archive.nptel.ac.in,up,1.348337874
2024-09-15 07:25:19,https://dashboard.dev.nptel.ac.in/InternalCandidateDashboard/,up,.864654766
2024-09-15 07:25:21,https://eex.dev.iitm.ac.in,up,1.319578424
2024-09-15 07:25:22,https://jup.dev.iitm.ac.in,up,.924754701
2024-09-15 07:37:01,https://nptel.ac.in,up,.409681470
2024-09-15 07:37:02,https://archive.nptel.ac.in,up,1.168928945
2024-09-15 07:37:03,https://dashboard.dev.nptel.ac.in/InternalCandidateDashboard/,up,.713430751
2024-09-15 07:37:04,https://eex.dev.iitm.ac.in,up,1.225791439
2024-09-15 07:37:05,https://jup.dev.iitm.ac.in,up,.930006054
2024-09-15 07:48:27,https://nptel.ac.in,up,.276871293
2024-09-15 07:48:28,https://archive.nptel.ac.in,up,1.268014752
2024-09-15 07:48:29,https://dashboard.dev.nptel.ac.in/InternalCandidateDashboard/,up,.836491629
2024-09-15 07:48:30,https://eex.dev.iitm.ac.in,up,1.281128735
2024-09-15 07:48:31,https://jup.dev.iitm.ac.in,up,1.023522783
2024-09-15 07:59:34,https://nptel.ac.in,up,.265647479
2024-09-15 07:59:35,https://archive.nptel.ac.in,up,1.066950447
2024-09-15 07:59:35,https://dashboard.dev.nptel.ac.in/InternalCandidateDashboard/,up,.790589493
2024-09-15 07:59:37,https://eex.dev.iitm.ac.in,up,1.208549753
2024-09-15 07:59:38,https://jup.dev.iitm.ac.in,up,.876324535
2024-09-15 08:28:22,https://nptel.ac.in,up,.350402005
2024-09-15 08:28:23,https://archive.nptel.ac.in,up,1.202332320
2024-09-15 08:28:24,https://dashboard.dev.nptel.ac.in/InternalCandidateDashboard/,up,.806978320
2024-09-15 08:28:25,https://eex.dev.iitm.ac.in,up,1.304926142
2024-09-15 08:28:26,https://jup.dev.iitm.ac.in,up,.879903078
2024-09-15 08:43:03,https://nptel.ac.in,up,.324492666
2024-09-15 08:43:05,https://archive.nptel.ac.in,up,1.330145944
2024-09-15 08:43:06,https://dashboard.dev.nptel.ac.in/InternalCandidateDashboard/,up,.805005605
2024-09-15 08:43:07,https://eex.dev.iitm.ac.in,up,1.316633853
2024-09-15 08:43:08,https://jup.dev.iitm.ac.in,up,1.069999182
2024-09-15 08:54:26,https://nptel.ac.in,up,.327190810
2024-09-15 08:54:27,https://archive.nptel.ac.in,up,1.170687901
2024-09-15 08:54:28,https://dashboard.dev.nptel.ac.in/InternalCandidateDashboard/,up,.784233474
2024-09-15 08:54:29,https://eex.dev.iitm.ac.in,up,1.220172928
2024-09-15 08:54:30,https://jup.dev.iitm.ac.in,up,.866254502
2024-09-15 09:16:01,https://nptel.ac.in,up,.284065290
2024-09-15 09:16:03,https://archive.nptel.ac.in,up,1.193419014
2024-09-15 09:16:04,https://dashboard.dev.nptel.ac.in/InternalCandidateDashboard/,up,.831252653
2024-09-15 09:16:05,https://eex.dev.iitm.ac.in,up,1.314923315
2024-09-15 09:16:06,https://jup.dev.iitm.ac.in,up,.927926415
2024-09-15 09:30:34,https://nptel.ac.in,up,.359779495
2024-09-15 09:30:35,https://archive.nptel.ac.in,up,1.156197975
2024-09-15 09:30:36,https://dashboard.dev.nptel.ac.in/InternalCandidateDashboard/,up,.773026189
2024-09-15 09:30:37,https://eex.dev.iitm.ac.in,up,1.157494936
2024-09-15 09:30:38,https://jup.dev.iitm.ac.in,up,.891154874
2024-09-15 09:41:56,https://nptel.ac.in,up,.279496797
2024-09-15 09:41:57,https://archive.nptel.ac.in,up,1.377134853
2024-09-15 09:41:58,https://dashboard.dev.nptel.ac.in/InternalCandidateDashboard/,up,.918747611
2024-09-15 09:42:00,https://eex.dev.iitm.ac.in,up,1.365290038
2024-09-15 09:42:01,https://jup.dev.iitm.ac.in,up,1.075614182
2024-09-15 09:53:29,https://nptel.ac.in,up,.289337330
2024-09-15 09:53:30,https://archive.nptel.ac.in,up,1.243883982
2024-09-15 09:53:31,https://dashboard.dev.nptel.ac.in/InternalCandidateDashboard/,up,.768463756
2024-09-15 09:53:32,https://eex.dev.iitm.ac.in,up,1.184691886
2024-09-15 09:53:33,https://jup.dev.iitm.ac.in,up,.953160989
2024-09-15 10:14:27,https://nptel.ac.in,up,.358839780
2024-09-15 10:14:28,https://archive.nptel.ac.in,up,1.190678461
2024-09-15 10:14:29,https://dashboard.dev.nptel.ac.in/InternalCandidateDashboard/,up,.749745397
2024-09-15 10:14:30,https://eex.dev.iitm.ac.in,up,1.224042984
2024-09-15 10:14:31,https://jup.dev.iitm.ac.in,up,.952966536
2024-09-15 10:33:32,https://nptel.ac.in,up,.364385637
2024-09-15 10:33:33,https://archive.nptel.ac.in,up,1.211306256
2024-09-15 10:33:34,https://dashboard.dev.nptel.ac.in/InternalCandidateDashboard/,up,.708483262
2024-09-15 10:33:35,https://eex.dev.iitm.ac.in,up,1.190774081
2024-09-15 10:33:36,https://jup.dev.iitm.ac.in,up,.908420863
2024-09-15 10:45:11,https://nptel.ac.in,up,.251299439
2024-09-15 10:45:12,https://archive.nptel.ac.in,up,1.261402901
2024-09-15 10:45:13,https://dashboard.dev.nptel.ac.in/InternalCandidateDashboard/,up,.832607173
2024-09-15 10:45:14,https://eex.dev.iitm.ac.in,up,1.353875307
2024-09-15 10:45:15,https://jup.dev.iitm.ac.in,up,1.042242057
2024-09-15 10:56:29,https://nptel.ac.in,up,.305906845
2024-09-15 10:56:30,https://archive.nptel.ac.in,up,1.541911299
2024-09-15 10:56:31,https://dashboard.dev.nptel.ac.in/InternalCandidateDashboard/,up,.881391915
2024-09-15 10:56:33,https://eex.dev.iitm.ac.in,up,1.447093191
2024-09-15 10:56:34,https://jup.dev.iitm.ac.in,up,1.265918755
2024-09-15 11:15:53,https://nptel.ac.in,up,.157720373
2024-09-15 11:15:54,https://archive.nptel.ac.in,up,1.250294631
2024-09-15 11:15:55,https://dashboard.dev.nptel.ac.in/InternalCandidateDashboard/,up,.774506918
2024-09-15 11:15:56,https://eex.dev.iitm.ac.in,up,1.176781444
2024-09-15 11:15:57,https://jup.dev.iitm.ac.in,up,.877064745
2024-09-15 11:27:21,https://nptel.ac.in,up,.273523648
2024-09-15 11:27:22,https://archive.nptel.ac.in,up,1.269436890
2024-09-15 11:27:23,https://dashboard.dev.nptel.ac.in/InternalCandidateDashboard/,up,.746589143
2024-09-15 11:27:24,https://eex.dev.iitm.ac.in,up,1.316638690
2024-09-15 11:27:25,https://jup.dev.iitm.ac.in,up,.932756793
2024-09-15 11:39:12,https://nptel.ac.in,up,.247721738
2024-09-15 11:39:13,https://archive.nptel.ac.in,up,1.302150895
2024-09-15 11:39:14,https://dashboard.dev.nptel.ac.in/InternalCandidateDashboard/,up,.849322742
2024-09-15 11:39:15,https://eex.dev.iitm.ac.in,up,1.349141612
2024-09-15 11:39:16,https://jup.dev.iitm.ac.in,up,1.000797874
2024-09-15 11:50:34,https://nptel.ac.in,up,.295918215
2024-09-15 11:50:36,https://archive.nptel.ac.in,up,1.186843117
2024-09-15 11:50:36,https://dashboard.dev.nptel.ac.in/InternalCandidateDashboard/,up,.847054596
2024-09-15 11:50:38,https://eex.dev.iitm.ac.in,up,1.221512204
2024-09-15 11:50:39,https://jup.dev.iitm.ac.in,up,.963978897
2024-09-15 12:15:42,https://nptel.ac.in,up,.138636542
2024-09-15 12:15:43,https://archive.nptel.ac.in,up,1.300563902
2024-09-15 12:15:44,https://dashboard.dev.nptel.ac.in/InternalCandidateDashboard/,up,.754479596
2024-09-15 12:15:45,https://eex.dev.iitm.ac.in,up,1.195893000
2024-09-15 12:15:46,https://jup.dev.iitm.ac.in,up,1.004999316
2024-09-15 12:49:44,https://nptel.ac.in,up,.345100939
2024-09-15 12:49:45,https://archive.nptel.ac.in,up,1.280615263
2024-09-15 12:49:46,https://dashboard.dev.nptel.ac.in/InternalCandidateDashboard/,up,.860781963
2024-09-15 12:49:47,https://eex.dev.iitm.ac.in,up,1.183738612
2024-09-15 12:49:48,https://jup.dev.iitm.ac.in,up,.954553631
2024-09-15 13:12:03,https://nptel.ac.in,up,.272261802
2024-09-15 13:12:05,https://archive.nptel.ac.in,up,1.362484687
2024-09-15 13:12:05,https://dashboard.dev.nptel.ac.in/InternalCandidateDashboard/,up,.835662103
2024-09-15 13:12:07,https://eex.dev.iitm.ac.in,up,1.397485994
2024-09-15 13:12:08,https://jup.dev.iitm.ac.in,up,1.060312286
2024-09-15 13:29:25,https://nptel.ac.in,up,.271523162
2024-09-15 13:29:26,https://archive.nptel.ac.in,up,1.341409954
2024-09-15 13:29:27,https://dashboard.dev.nptel.ac.in/InternalCandidateDashboard/,up,.694577208
2024-09-15 13:29:28,https://eex.dev.iitm.ac.in,up,1.340490879
2024-09-15 13:29:29,https://jup.dev.iitm.ac.in,up,.949326741
2024-09-15 13:40:54,https://nptel.ac.in,up,.341377458
2024-09-15 13:40:55,https://archive.nptel.ac.in,up,1.083782154
2024-09-15 13:40:56,https://dashboard.dev.nptel.ac.in/InternalCandidateDashboard/,up,.703029532
2024-09-15 13:40:57,https://eex.dev.iitm.ac.in,up,1.240036459
2024-09-15 13:40:58,https://jup.dev.iitm.ac.in,up,.869274043
2024-09-15 13:52:16,https://nptel.ac.in,up,.121471931
2024-09-15 13:52:17,https://archive.nptel.ac.in,up,1.258424746
2024-09-15 13:52:18,https://dashboard.dev.nptel.ac.in/InternalCandidateDashboard/,up,.809134679
2024-09-15 13:52:19,https://eex.dev.iitm.ac.in,up,1.158618631
2024-09-15 13:52:20,https://jup.dev.iitm.ac.in,up,.936722779
2024-09-15 14:10:30,https://nptel.ac.in,up,.421805058
2024-09-15 14:10:32,https://archive.nptel.ac.in,up,1.133088237
2024-09-15 14:10:32,https://dashboard.dev.nptel.ac.in/InternalCandidateDashboard/,up,.674164437
2024-09-15 14:10:34,https://eex.dev.iitm.ac.in,up,1.254857495
2024-09-15 14:10:34,https://jup.dev.iitm.ac.in,up,.864828823
2024-09-15 14:28:58,https://nptel.ac.in,up,.343136537
2024-09-15 14:28:59,https://archive.nptel.ac.in,up,1.104031108
2024-09-15 14:29:00,https://dashboard.dev.nptel.ac.in/InternalCandidateDashboard/,up,.686128706
2024-09-15 14:29:01,https://eex.dev.iitm.ac.in,up,1.167166039
2024-09-15 14:29:02,https://jup.dev.iitm.ac.in,up,.962651358
2024-09-15 14:40:26,https://nptel.ac.in,up,.134556358
2024-09-15 14:40:27,https://archive.nptel.ac.in,up,1.270346341
2024-09-15 14:40:28,https://dashboard.dev.nptel.ac.in/InternalCandidateDashboard/,up,.823609406
2024-09-15 14:40:29,https://eex.dev.iitm.ac.in,up,1.287540950
2024-09-15 14:40:30,https://jup.dev.iitm.ac.in,up,1.017429157
2024-09-15 14:51:43,https://nptel.ac.in,up,.252220281
2024-09-15 14:51:44,https://archive.nptel.ac.in,up,1.265567808
2024-09-15 14:51:45,https://dashboard.dev.nptel.ac.in/InternalCandidateDashboard/,up,.900795985
2024-09-15 14:51:47,https://eex.dev.iitm.ac.in,up,1.414171750
2024-09-15 14:51:48,https://jup.dev.iitm.ac.in,up,1.039358736
2024-09-15 15:10:28,https://nptel.ac.in,up,.302176995
2024-09-15 15:10:30,https://archive.nptel.ac.in,up,1.318784075
2024-09-15 15:10:31,https://dashboard.dev.nptel.ac.in/InternalCandidateDashboard/,up,.794477685
2024-09-15 15:10:32,https://eex.dev.iitm.ac.in,up,1.287432199
2024-09-15 15:10:33,https://jup.dev.iitm.ac.in,up,1.045079321
2024-09-15 15:27:36,https://nptel.ac.in,up,.319817943
2024-09-15 15:27:38,https://archive.nptel.ac.in,up,1.270421154
2024-09-15 15:27:38,https://dashboard.dev.nptel.ac.in/InternalCandidateDashboard/,up,.720637585
2024-09-15 15:27:40,https://eex.dev.iitm.ac.in,up,1.226419885
2024-09-15 15:27:41,https://jup.dev.iitm.ac.in,up,.945411309
2024-09-15 15:38:59,https://nptel.ac.in,up,.297497199
2024-09-15 15:39:00,https://archive.nptel.ac.in,up,1.094631424
2024-09-15 15:39:01,https://dashboard.dev.nptel.ac.in/InternalCandidateDashboard/,up,.777851885
2024-09-15 15:39:02,https://eex.dev.iitm.ac.in,up,1.249348543
2024-09-15 15:39:03,https://jup.dev.iitm.ac.in,up,.887155510
2024-09-15 15:50:12,https://nptel.ac.in,up,.462879493
2024-09-15 15:50:13,https://archive.nptel.ac.in,up,1.123771450
2024-09-15 15:50:14,https://dashboard.dev.nptel.ac.in/InternalCandidateDashboard/,up,.734642028
2024-09-15 15:50:15,https://eex.dev.iitm.ac.in,up,1.138970578
2024-09-15 15:50:16,https://jup.dev.iitm.ac.in,up,.885855844
2024-09-15 16:09:01,https://nptel.ac.in,up,.314572908
2024-09-15 16:09:02,https://archive.nptel.ac.in,up,1.246743767
2024-09-15 16:09:03,https://dashboard.dev.nptel.ac.in/InternalCandidateDashboard/,up,.865206847
2024-09-15 16:09:04,https://eex.dev.iitm.ac.in,up,1.211763956
2024-09-15 16:09:05,https://jup.dev.iitm.ac.in,up,1.014433658
